Unnamed: 0,username,user id,access hash,name,group,group id
3358,aosqa,1467118526,-4.414356135437039e+18,Pinkopanda,–ê—Ä–±–∏—Ç—Ä–∞–∂–Ω—ã–π —á–∞—Ç - DaddyAff,1385260727
3359,aosqa2,1467118526,-4.414356135437039e+18,Pinkopanda,–ê—Ä–±–∏—Ç—Ä–∞–∂–Ω—ã–π —á–∞—Ç - DaddyAff,1385260727
3360,Vollgan,1467118526,-4.414356135437039e+18,Pinkopanda,–ê—Ä–±–∏—Ç—Ä–∞–∂–Ω—ã–π —á–∞—Ç - DaddyAff,1385260727
3361,ManagerInstagg,1895463252,-8.222093535029513e+18,Voy,–ê—Ä–±–∏—Ç—Ä–∞–∂–Ω—ã–π —á–∞—Ç - DaddyAff,1385260727
3363,doc_vam,5431602737,2.449053529711979e+18,–û–¢–†–ò–°–û–í–ö–ê –î–û–ö–£–ú–ï–ù–¢–û–í,–ê—Ä–±–∏—Ç—Ä–∞–∂–Ω—ã–π —á–∞—Ç - DaddyAff,1385260727
3364,VRtraffico,1718993712,-5.071259630156231e+18,VR,–ê—Ä–±–∏—Ç—Ä–∞–∂–Ω—ã–π —á–∞—Ç - DaddyAff,1385260727
3365,Vcorp920,1948631099,-1.2231188434896333e+18,–ê–Ω–¥—Ä–µ–π ‚úåüèª,–ê—Ä–±–∏—Ç—Ä–∞–∂–Ω—ã–π —á–∞—Ç - DaddyAff,1385260727
3366,venomacc,1463609428,-4.0274829431902817e+18,Venom,–ê—Ä–±–∏—Ç—Ä–∞–∂–Ω—ã–π —á–∞—Ç - DaddyAff,1385260727
3367,visa909,1952790838,4.593087411689074e+18,Seb√´k 163,–ê—Ä–±–∏—Ç—Ä–∞–∂–Ω—ã–π —á–∞—Ç - DaddyAff,1385260727
3368,vladfarm7,1936513844,-2.438067024960976e+18,–í–ª–∞–¥,–ê—Ä–±–∏—Ç—Ä–∞–∂–Ω—ã–π —á–∞—Ç - DaddyAff,1385260727
3369,google_voice_supp,1912208975,-8.554478872679733e+18,Google Voice Support,–ê—Ä–±–∏—Ç—Ä–∞–∂–Ω—ã–π —á–∞—Ç - DaddyAff,1385260727
3370,Valeriy_borovyk,921383573,-4.257150232811557e+18,–í–∞–ª–µ—Ä–∏–π –ë–æ—Ä–æ–≤–∏–∫,–ê—Ä–±–∏—Ç—Ä–∞–∂–Ω—ã–π —á–∞—Ç - DaddyAff,1385260727
3372,beast_vv,5529459581,-7.96620015219506e+17,albert,–ê—Ä–±–∏—Ç—Ä–∞–∂–Ω—ã–π —á–∞—Ç - DaddyAff,1385260727
3373,uzbekovic2,5886456285,-5.467089689064925e+18,–û–ª–µ–≥,–ê—Ä–±–∏—Ç—Ä–∞–∂–Ω—ã–π —á–∞—Ç - DaddyAff,1385260727
3374,unicumt,1016525550,2.5603927770908303e+18,unicumtüîµ–ø–∏—Å–∞—Ç—å —Å—Ç—Ä–æ–≥–æ –ø–æ –¥–µ–ª—É,–ê—Ä–±–∏—Ç—Ä–∞–∂–Ω—ã–π —á–∞—Ç - DaddyAff,1385260727
3375,unfailed_1977,5241643839,-7.122892051350654e+18,Carson Travis,–ê—Ä–±–∏—Ç—Ä–∞–∂–Ω—ã–π —á–∞—Ç - DaddyAff,1385260727
3376,Goss_Uss,5239211881,8.044496564987299e+18,Gos Uss,–ê—Ä–±–∏—Ç—Ä–∞–∂–Ω—ã–π —á–∞—Ç - DaddyAff,1385260727
3378,bank_cards_from_ua_eu,2017336030,-7.966954732047593e+18,üí≥Bank Cardsüí≥,–ê—Ä–±–∏—Ç—Ä–∞–∂–Ω—ã–π —á–∞—Ç - DaddyAff,1385260727
3379,evolutionteem,5067330786,7.220079967461643e+18,live Under,–ê—Ä–±–∏—Ç—Ä–∞–∂–Ω—ã–π —á–∞—Ç - DaddyAff,1385260727
3380,creo_designer,1904830201,-7.075735235717323e+18,CREO UP! –ö—Ä–µ–∞—Ç–∏–≤—ã | –ú–û–£–®–ù –î–ò–ó–ê–ô–ù | –°–û–ó–î–ê–ù–ò–ï –°–ê–ô–¢–û–í (LINK IN BIO),–ê—Ä–±–∏—Ç—Ä–∞–∂–Ω—ã–π —á–∞—Ç - DaddyAff,1385260727
3381,FuckThePolice042,5782237308,-4.966805473902241e+18,Ukrainian Kiborg,–ê—Ä–±–∏—Ç—Ä–∞–∂–Ω—ã–π —á–∞—Ç - DaddyAff,1385260727
3382,untiroder,5832125942,-3.764584823490356e+18,untiroder,–ê—Ä–±–∏—Ç—Ä–∞–∂–Ω—ã–π —á–∞—Ç - DaddyAff,1385260727
3383,MuhammadUsmannn,5636413631,2.6184356062049234e+18,Muhammad Usman,–ê—Ä–±–∏—Ç—Ä–∞–∂–Ω—ã–π —á–∞—Ç - DaddyAff,1385260727
3384,UKR_TIME_24,5299380949,-8.441847159276667e+18,Alian,–ê—Ä–±–∏—Ç—Ä–∞–∂–Ω—ã–π —á–∞—Ç - DaddyAff,1385260727
3385,manager_creo_up,1104065261,-7.540572874326707e+17,–£—Å–ª—É–≥–∏ –î–∏–∑–∞–π–Ω–∞ | –ö—Ä–µ–∞—Ç–∏–≤—ã | –°–∞–π—Ç—ã - CREO UP!,–ê—Ä–±–∏—Ç—Ä–∞–∂–Ω—ã–π —á–∞—Ç - DaddyAff,1385260727
3386,uuuuiipgvv,5780665131,-6.247882791439279e+18,–Ø,–ê—Ä–±–∏—Ç—Ä–∞–∂–Ω—ã–π —á–∞—Ç - DaddyAff,1385260727
3387,usdtcryptomonstr,5458124633,5.482484290143478e+18,BLACK MONSTER,–ê—Ä–±–∏—Ç—Ä–∞–∂–Ω—ã–π —á–∞—Ç - DaddyAff,1385260727
3388,unfavourably_Apoda,5338121721,6.064511534777618e+18,JohnyyFanconi [–ß–ï–ö –ë–ò–û],–ê—Ä–±–∏—Ç—Ä–∞–∂–Ω—ã–π —á–∞—Ç - DaddyAff,1385260727
3389,O_Ukrop_0,5737202696,9.057683826521754e+18,B H,–ê—Ä–±–∏—Ç—Ä–∞–∂–Ω—ã–π —á–∞—Ç - DaddyAff,1385260727
3390,Sdelal_user,5736776627,-5.354349955337072e+18,ü•∑üèø,–ê—Ä–±–∏—Ç—Ä–∞–∂–Ω—ã–π —á–∞—Ç - DaddyAff,1385260727
3391,roger_uxamio,5360544311,-7.275903863934184e+18,Roger Uxamio,–ê—Ä–±–∏—Ç—Ä–∞–∂–Ω—ã–π —á–∞—Ç - DaddyAff,1385260727
3392,ulitkacpa,914249921,-6.533230178054405e+18,Ulitka,–ê—Ä–±–∏—Ç—Ä–∞–∂–Ω—ã–π —á–∞—Ç - DaddyAff,1385260727
3393,kross_sh0p_ua,5492416714,9.192438248068804e+17,–î–º–∏—Ç—Ä–∏–π,–ê—Ä–±–∏—Ç—Ä–∞–∂–Ω—ã–π —á–∞—Ç - DaddyAff,1385260727
3394,Prokrut_User,5594300782,5.075162558148769e+18,–ï–≤–≥–µ–Ω–∏–π,–ê—Ä–±–∏—Ç—Ä–∞–∂–Ω—ã–π —á–∞—Ç - DaddyAff,1385260727
3395,Ulakraz,5166712566,-4.195800873340114e+17,–Æ–ª—è,–ê—Ä–±–∏—Ç—Ä–∞–∂–Ω—ã–π —á–∞—Ç - DaddyAff,1385260727
3396,udhevrbd,5210156083,4.225180443679032e+16,–î–µ–Ω–∏—Å,–ê—Ä–±–∏—Ç—Ä–∞–∂–Ω—ã–π —á–∞—Ç - DaddyAff,1385260727
3397,prorok_U,5383682141,1.5821095268894523e+18,Misterio,–ê—Ä–±–∏—Ç—Ä–∞–∂–Ω—ã–π —á–∞—Ç - DaddyAff,1385260727
3398,ukr_arenda,1410288614,8.894054670206145e+18,B&B,–ê—Ä–±–∏—Ç—Ä–∞–∂–Ω—ã–π —á–∞—Ç - DaddyAff,1385260727
3399,sofiii445,5673297529,-8.795334959323054e+18,Sofia UK üá¨üáß,–ê—Ä–±–∏—Ç—Ä–∞–∂–Ω—ã–π —á–∞—Ç - DaddyAff,1385260727
3400,UKadminx,5059431496,-1.7463930222152113e+18,–°–æ–Ω—å–∫–∞,–ê—Ä–±–∏—Ç—Ä–∞–∂–Ω—ã–π —á–∞—Ç - DaddyAff,1385260727
3401,billimal,2145590677,-8.621495342216284e+17,US,–ê—Ä–±–∏—Ç—Ä–∞–∂–Ω—ã–π —á–∞—Ç - DaddyAff,1385260727
3402,user_matrix,5502061168,-7.806048379694836e+18,NEO-USER,–ê—Ä–±–∏—Ç—Ä–∞–∂–Ω—ã–π —á–∞—Ç - DaddyAff,1385260727
3403,usjjsjsjjsjsjsjssj,5315595196,-7.499157400681011e+18,8,–ê—Ä–±–∏—Ç—Ä–∞–∂–Ω—ã–π —á–∞—Ç - DaddyAff,1385260727
3404,uchyxushefuz10,5714438540,-5.04183379295798e+18,Carlos,–ê—Ä–±–∏—Ç—Ä–∞–∂–Ω—ã–π —á–∞—Ç - DaddyAff,1385260727
3405,user070707,504450732,5.886333048365659e+18,D.,–ê—Ä–±–∏—Ç—Ä–∞–∂–Ω—ã–π —á–∞—Ç - DaddyAff,1385260727
3406,U_Traffic,5695121166,-3.1395700099575706e+18,U-Traffic,–ê—Ä–±–∏—Ç—Ä–∞–∂–Ω—ã–π —á–∞—Ç - DaddyAff,1385260727
3407,oagybtzautjem,5737772594,-5.316625995304773e+18,URSALA Sterner,–ê—Ä–±–∏—Ç—Ä–∞–∂–Ω—ã–π —á–∞—Ç - DaddyAff,1385260727
3408,qwin_uik,5334664288,-6.756370317850856e+18,–î–µ–Ω–∏—Å,–ê—Ä–±–∏—Ç—Ä–∞–∂–Ω—ã–π —á–∞—Ç - DaddyAff,1385260727
3409,usdttrc300,5537120275,-1.3360225045990543e+18,Aimbot,–ê—Ä–±–∏—Ç—Ä–∞–∂–Ω—ã–π —á–∞—Ç - DaddyAff,1385260727
3412,teamalfaus,5472126078,-3.381366930613194e+18,TEAM ALFA M FROM US,–ê—Ä–±–∏—Ç—Ä–∞–∂–Ω—ã–π —á–∞—Ç - DaddyAff,1385260727
3414,spirit299,5064741575,7.546143059703725e+18,S_T-I_LL S_T-O-U_N,–ê—Ä–±–∏—Ç—Ä–∞–∂–Ω—ã–π —á–∞—Ç - DaddyAff,1385260727
3415,uduvpered,1817519588,-4.177052645784488e+18,üí≤–û–ª–µ–≥üí≤,–ê—Ä–±–∏—Ç—Ä–∞–∂–Ω—ã–π —á–∞—Ç - DaddyAff,1385260727
3416,HardWork_Ukraine,5265540110,-1.3764899493865224e+18,ùíúùìáùìâùëíùìÇ,–ê—Ä–±–∏—Ç—Ä–∞–∂–Ω—ã–π —á–∞—Ç - DaddyAff,1385260727
3417,Usaman65,1765905616,6.281739527407261e+18,–ì—Ä–∞–∂–¥–∞–Ω–∏–Ω –°–®–ê,–ê—Ä–±–∏—Ç—Ä–∞–∂–Ω—ã–π —á–∞—Ç - DaddyAff,1385260727
3418,uzmarketeer,1630042833,1.8069980658299976e+18,IS Ochilov,–ê—Ä–±–∏—Ç—Ä–∞–∂–Ω—ã–π —á–∞—Ç - DaddyAff,1385260727
3419,AlydaCollie,2094487466,-2.546820768599111e+18,Ula Bauers,–ê—Ä–±–∏—Ç—Ä–∞–∂–Ω—ã–π —á–∞—Ç - DaddyAff,1385260727
3420,u_1_s_2_e_3_r,717010988,8.949964488853392e+18,Mr _crA,–ê—Ä–±–∏—Ç—Ä–∞–∂–Ω—ã–π —á–∞—Ç - DaddyAff,1385260727
3421,universe1_1,442302049,-1.60931189912247e+18,Irene,–ê—Ä–±–∏—Ç—Ä–∞–∂–Ω—ã–π —á–∞—Ç - DaddyAff,1385260727
3422,uzgoob,5098988766,-8.225745741569019e+18,uzcard,–ê—Ä–±–∏—Ç—Ä–∞–∂–Ω—ã–π —á–∞—Ç - DaddyAff,1385260727
3423,uatelegramua,367340835,3.551265666847452e+18,Bogdan,–ê—Ä–±–∏—Ç—Ä–∞–∂–Ω—ã–π —á–∞—Ç - DaddyAff,1385260727
3424,Usoppps,1161137550,3.6050876459551e+18,–í–æ–≤–∞,–ê—Ä–±–∏—Ç—Ä–∞–∂–Ω—ã–π —á–∞—Ç - DaddyAff,1385260727
3425,UselessxAqua,1738542295,7.40269397513622e+17,–ê—Ä–∏ –í–∏–¥–µ—Ä—á–∏,–ê—Ä–±–∏—Ç—Ä–∞–∂–Ω—ã–π —á–∞—Ç - DaddyAff,1385260727
3426,vladus_u,5063140456,7.249340233523445e+18,Vlad,–ê—Ä–±–∏—Ç—Ä–∞–∂–Ω—ã–π —á–∞—Ç - DaddyAff,1385260727
3427,ulyanapasyeka,452831884,-2.3829247984783e+18,Uliana,–ê—Ä–±–∏—Ç—Ä–∞–∂–Ω—ã–π —á–∞—Ç - DaddyAff,1385260727
3428,username1009,489387090,8.134370062433187e+18,–ê—Ä—Ç–µ–º,–ê—Ä–±–∏—Ç—Ä–∞–∂–Ω—ã–π —á–∞—Ç - DaddyAff,1385260727
3429,uralnoel,753305592,8.130800816363162e+18,disiel,–ê—Ä–±–∏—Ç—Ä–∞–∂–Ω—ã–π —á–∞—Ç - DaddyAff,1385260727
3430,Good_luck_UK,2036034255,-4.89855105371568e+18,–û–ª–µ–≥,–ê—Ä–±–∏—Ç—Ä–∞–∂–Ω—ã–π —á–∞—Ç - DaddyAff,1385260727
3431,LeraPinUp,5050793297,9.043588911609444e+18,Lera | PIN-UP,–ê—Ä–±–∏—Ç—Ä–∞–∂–Ω—ã–π —á–∞—Ç - DaddyAff,1385260727
3432,imuknown,320084717,-3.826682564188217e+18,Unknown,–ê—Ä–±–∏—Ç—Ä–∞–∂–Ω—ã–π —á–∞—Ç - DaddyAff,1385260727
3433,recruiterpolina,1129213379,-5.280382146871279e+18,Digital HR Polina üìçUK,–ê—Ä–±–∏—Ç—Ä–∞–∂–Ω—ã–π —á–∞—Ç - DaddyAff,1385260727
3434,undeadwow,1139232982,2.7008564053792026e+18,üíÄ Undead üíÄ,–ê—Ä–±–∏—Ç—Ä–∞–∂–Ω—ã–π —á–∞—Ç - DaddyAff,1385260727
3435,cards_ukr,786781183,2.780581410327512e+18,Oleg | –ö–∞—Ä—Ç—ã –ø–æ–¥ –ü–ë,–ê—Ä–±–∏—Ç—Ä–∞–∂–Ω—ã–π —á–∞—Ç - DaddyAff,1385260727
3436,bnb2288,114016646,-3.617833341958189e+17,Unknown,–ê—Ä–±–∏—Ç—Ä–∞–∂–Ω—ã–π —á–∞—Ç - DaddyAff,1385260727
3437,fakehero,270541288,7.396963007999767e+18,Art¬§Õú‡πãÕ°‡£ß‡£ß‡£ß‡£ß‡£ß‡£ß‡£ß‡£ß‡£ß‡£ß‡£ß‡£©‡£©‡£©‡£©‡£©‡£©‡£©‡£©‡£©‡£©‡£©‡£©‡£©‡£©ur,–ê—Ä–±–∏—Ç—Ä–∞–∂–Ω—ã–π —á–∞—Ç - DaddyAff,1385260727
3438,userAlex08,366718816,4.45650448280006e+16,Aleks Klein,–ê—Ä–±–∏—Ç—Ä–∞–∂–Ω—ã–π —á–∞—Ç - DaddyAff,1385260727
3439,upnms,408148164,8.89260561808304e+18,Artyom,–ê—Ä–±–∏—Ç—Ä–∞–∂–Ω—ã–π —á–∞—Ç - DaddyAff,1385260727
3440,MarkinaU,501024083,2.5652108752109947e+18,Ulyana Markina,–ê—Ä–±–∏—Ç—Ä–∞–∂–Ω—ã–π —á–∞—Ç - DaddyAff,1385260727
3441,AditionalPayments,544125733,8.230418888386458e+18,Uber Suka,–ê—Ä–±–∏—Ç—Ä–∞–∂–Ω—ã–π —á–∞—Ç - DaddyAff,1385260727
3442,Angry7777,907062487,-3.1961107843276227e+18,unknown,–ê—Ä–±–∏—Ç—Ä–∞–∂–Ω—ã–π —á–∞—Ç - DaddyAff,1385260727
3443,m0r_da,959809018,5.857191689939063e+18,üêäDruh Ulegüêä,–ê—Ä–±–∏—Ç—Ä–∞–∂–Ω—ã–π —á–∞—Ç - DaddyAff,1385260727
3444,salmoninocean,1486469378,8.767798087209082e+18,Unknown,–ê—Ä–±–∏—Ç—Ä–∞–∂–Ω—ã–π —á–∞—Ç - DaddyAff,1385260727
3445,ulfhendnar88,460244481,8.455009360965433e+18,–†–æ–º–∞–Ω,–ê—Ä–±–∏—Ç—Ä–∞–∂–Ω—ã–π —á–∞—Ç - DaddyAff,1385260727
3446,uk1415,470048309,-4.726805086096372e+17,U K,–ê—Ä–±–∏—Ç—Ä–∞–∂–Ω—ã–π —á–∞—Ç - DaddyAff,1385260727
3447,arhantiqua,486393399,4.00722209775904e+18,Alex Urch,–ê—Ä–±–∏—Ç—Ä–∞–∂–Ω—ã–π —á–∞—Ç - DaddyAff,1385260727
3448,Ds_Sl,759621766,-2.577447875503548e+18,–î–°üèé–°–õ ‚åöÔ∏èUFüì±,–ê—Ä–±–∏—Ç—Ä–∞–∂–Ω—ã–π —á–∞—Ç - DaddyAff,1385260727
3449,upperkot,1342487408,-3.030516699375972e+18,–ê–ø–ø–µ—Ä–∫–æ—Ç –°–µ—Ä–≥–µ–µ–≤–∏—á,–ê—Ä–±–∏—Ç—Ä–∞–∂–Ω—ã–π —á–∞—Ç - DaddyAff,1385260727
3450,uncle_vvv,266183090,2.510012586984857e+18,Vadim,–ê—Ä–±–∏—Ç—Ä–∞–∂–Ω—ã–π —á–∞—Ç - DaddyAff,1385260727
3451,Unimodal_Scarabaeus,2091836095,-7.02194652966356e+18,Mallie Landry,–ê—Ä–±–∏—Ç—Ä–∞–∂–Ω—ã–π —á–∞—Ç - DaddyAff,1385260727
3452,uncle_drew_p,118565470,7.892079004318006e+18,Uncle Drew,–ê—Ä–±–∏—Ç—Ä–∞–∂–Ω—ã–π —á–∞—Ç - DaddyAff,1385260727
3453,uunbrokenn,381892354,-8.784160040649734e+18,Nicolas,–ê—Ä–±–∏—Ç—Ä–∞–∂–Ω—ã–π —á–∞—Ç - DaddyAff,1385260727
3454,uwdesigner,892665408,-3.156528136544037e+18,Áü•Ë¶ö„ÅÆ„Éë„É©„ÉÄ„Ç§„É†,–ê—Ä–±–∏—Ç—Ä–∞–∂–Ω—ã–π —á–∞—Ç - DaddyAff,1385260727
3455,diana_uno,941454542,-4.9845561024906624e+17,Diana,–ê—Ä–±–∏—Ç—Ä–∞–∂–Ω—ã–π —á–∞—Ç - DaddyAff,1385260727
3456,Ulyana_rdod,1074538282,-7.683954022517161e+17,–£–ª—å—è–Ω–∞ –®–∞–±—É—Ä–Ω–∏–∫–æ–≤–∞,–ê—Ä–±–∏—Ç—Ä–∞–∂–Ω—ã–π —á–∞—Ç - DaddyAff,1385260727
3457,unwicky,1098701318,7.026575793163633e+17,–ò–≤–∞–Ω,–ê—Ä–±–∏—Ç—Ä–∞–∂–Ω—ã–π —á–∞—Ç - DaddyAff,1385260727
3458,ugofytywy46,5256422727,-7.156333419375518e+18,–õ–∏–∫–∞ –õ–æ–±—è–Ω,–ê—Ä–±–∏—Ç—Ä–∞–∂–Ω—ã–π —á–∞—Ç - DaddyAff,1385260727
3459,Lex_usss,5167018627,5.848566984972994e+18,Lex,–ê—Ä–±–∏—Ç—Ä–∞–∂–Ω—ã–π —á–∞—Ç - DaddyAff,1385260727
3460,unkunkunk,393755450,1.7979078648186102e+18,unkunkunk,–ê—Ä–±–∏—Ç—Ä–∞–∂–Ω—ã–π —á–∞—Ç - DaddyAff,1385260727
3461,profitunion,1839565556,-8.962585716825059e+18,Union True,–ê—Ä–±–∏—Ç—Ä–∞–∂–Ω—ã–π —á–∞—Ç - DaddyAff,1385260727
3462,Alex_biz_fb_uac,1086705566,-8.917934866878787e+16,Alex_biz_fb_uac,–ê—Ä–±–∏—Ç—Ä–∞–∂–Ω—ã–π —á–∞—Ç - DaddyAff,1385260727
3463,unclestepani4sd,1121458727,1.3340270281888207e+18,–î—è–¥–µ–Ω—å–∫–∞ –°—Ç—ë–ø–æ–Ω—å–∫–∞,–ê—Ä–±–∏—Ç—Ä–∞–∂–Ω—ã–π —á–∞—Ç - DaddyAff,1385260727
3464,usup_officer,1448128314,2.32525259622209e+18,usup_officer,–ê—Ä–±–∏—Ç—Ä–∞–∂–Ω—ã–π —á–∞—Ç - DaddyAff,1385260727
3465,ksenia_royalpartners,1055958515,1.5485599360444116e+18,Ksenia OFFLINE UNTIL 23.01,–ê—Ä–±–∏—Ç—Ä–∞–∂–Ω—ã–π —á–∞—Ç - DaddyAff,1385260727
3466,FuckYouOwn,1927095828,-7.645079564222691e+18,Fuck U,–ê—Ä–±–∏—Ç—Ä–∞–∂–Ω—ã–π —á–∞—Ç - DaddyAff,1385260727
3467,Uzdkjjsrts,140982073,-5.185907542797318e+16,papa,–ê—Ä–±–∏—Ç—Ä–∞–∂–Ω—ã–π —á–∞—Ç - DaddyAff,1385260727
3468,userrvv,161465633,-7.054462786374632e+18,Vadim,–ê—Ä–±–∏—Ç—Ä–∞–∂–Ω—ã–π —á–∞—Ç - DaddyAff,1385260727
3469,perryutkonos,254649739,-6.133575604967975e+18,Perry Utkonos,–ê—Ä–±–∏—Ç—Ä–∞–∂–Ω—ã–π —á–∞—Ç - DaddyAff,1385260727
3470,fit_dad,326742092,2.0860692667787807e+18,Nikita Udovik,–ê—Ä–±–∏—Ç—Ä–∞–∂–Ω—ã–π —á–∞—Ç - DaddyAff,1385260727
3471,Cheferin_uefa,383468996,-7.685107172512012e+18,Aleksander ƒåeferin,–ê—Ä–±–∏—Ç—Ä–∞–∂–Ω—ã–π —á–∞—Ç - DaddyAff,1385260727
3472,unstep,458699130,6.870661282777229e+18,Andrew Shvets,–ê—Ä–±–∏—Ç—Ä–∞–∂–Ω—ã–π —á–∞—Ç - DaddyAff,1385260727
3473,garderobpluscomua,462401643,-2.7617276504166086e+17,garderobplus.com.ua,–ê—Ä–±–∏—Ç—Ä–∞–∂–Ω—ã–π —á–∞—Ç - DaddyAff,1385260727
3474,ufflot,773866887,5.667670127012448e+18,"tOsd,",–ê—Ä–±–∏—Ç—Ä–∞–∂–Ω—ã–π —á–∞—Ç - DaddyAff,1385260727
3475,AccSet,844686316,-6.116989361179588e+18,"EU ADS üá™üá∫ [–ü–Ω-–ü—Ç, 9-17 (UTC+1)]",–ê—Ä–±–∏—Ç—Ä–∞–∂–Ω—ã–π —á–∞—Ç - DaddyAff,1385260727
3476,AntiBanking,885202853,-8.791430605455489e+17,Instals-EU/US (–õ–° –∑–∞–≤–∞–ª–µ–Ω–∞!–ó–≤–æ–Ω–∏—Ç–µ) Traffer,–ê—Ä–±–∏—Ç—Ä–∞–∂–Ω—ã–π —á–∞—Ç - DaddyAff,1385260727
3477,UUNKN0WN,1046828780,3.427372504162899e+18,ùô±ùöäùö°ùöòùöñùöé,–ê—Ä–±–∏—Ç—Ä–∞–∂–Ω—ã–π —á–∞—Ç - DaddyAff,1385260727
3478,untitledberlight,1301414397,6.976260180848456e+18,Lorens Feng,–ê—Ä–±–∏—Ç—Ä–∞–∂–Ω—ã–π —á–∞—Ç - DaddyAff,1385260727
3479,Urushten_Dzitakuw,1350169101,-6.652175912960608e+18,Nikodim,–ê—Ä–±–∏—Ç—Ä–∞–∂–Ω—ã–π —á–∞—Ç - DaddyAff,1385260727
3480,UsupovD,1438982318,5.309171395400245e+18,–î–º–∏—Ç—Ä–∏–π –Æ—Å—É–ø–æ–≤,–ê—Ä–±–∏—Ç—Ä–∞–∂–Ω—ã–π —á–∞—Ç - DaddyAff,1385260727
3481,uif_top,1765062815,3.079068503502049e+18,–ò–≥–æ—Ä—å –í–∞–ª–µ—Ä—å–µ–≤–∏—á,–ê—Ä–±–∏—Ç—Ä–∞–∂–Ω—ã–π —á–∞—Ç - DaddyAff,1385260727
3482,alena_uff,1785303234,1.0830426172546262e+18,Alena,–ê—Ä–±–∏—Ç—Ä–∞–∂–Ω—ã–π —á–∞—Ç - DaddyAff,1385260727
3483,alexandr_usatov,265310376,1.5259159380660317e+17,–£—Å–∞—Ç–æ–≤ –ê–ª–µ–∫—Å–∞–Ω–¥—Ä –≠–∫—Å–ø–µ—Ä—Ç. 14 –ª–µ—Ç —é—Ä–∏–¥–∏—á–µ—Å–∫–æ–π –ø—Ä–∞–∫—Ç–∏–∫–∏,–ê—Ä–±–∏—Ç—Ä–∞–∂–Ω—ã–π —á–∞—Ç - DaddyAff,1385260727
3484,mm9_uzi,322080557,1.0628594448020904e+18,Uzi,–ê—Ä–±–∏—Ç—Ä–∞–∂–Ω—ã–π —á–∞—Ç - DaddyAff,1385260727
3485,ulises0154,349275290,-5.057485143453492e+18,Vlad,–ê—Ä–±–∏—Ç—Ä–∞–∂–Ω—ã–π —á–∞—Ç - DaddyAff,1385260727
3486,uzipup,364808869,-1.9474254552702223e+18,Jorik,–ê—Ä–±–∏—Ç—Ä–∞–∂–Ω—ã–π —á–∞—Ç - DaddyAff,1385260727
3487,WinstonRedBullovich,427178819,5.332237287712706e+18,Sergey Ushakov,–ê—Ä–±–∏—Ç—Ä–∞–∂–Ω—ã–π —á–∞—Ç - DaddyAff,1385260727
3488,usertorg,563043081,5.244097711793683e+18,–ú–∏—Ö–∞–∏–ª (MIX),–ê—Ä–±–∏—Ç—Ä–∞–∂–Ω—ã–π —á–∞—Ç - DaddyAff,1385260727
3489,Uberweisung,725313191,-2.033625571268177e+18,. .,–ê—Ä–±–∏—Ç—Ä–∞–∂–Ω—ã–π —á–∞—Ç - DaddyAff,1385260727
3490,username5034,785415583,-4.530418746570661e+18,–ñ–µ–Ω—è,–ê—Ä–±–∏—Ç—Ä–∞–∂–Ω—ã–π —á–∞—Ç - DaddyAff,1385260727
3491,eddy_traff,1637459507,7.881933530586291e+18,Mr Traff FB Mobil Proxy UA,–ê—Ä–±–∏—Ç—Ä–∞–∂–Ω—ã–π —á–∞—Ç - DaddyAff,1385260727
3492,gustavo1037,1652271691,-7.492891075512608e+18,g u s t a v o,–ê—Ä–±–∏—Ç—Ä–∞–∂–Ω—ã–π —á–∞—Ç - DaddyAff,1385260727
3493,UVDfgu6788ggghh_rdxxvvvvv32,1723671867,-6.46146923699722e+18,S3_RVaK//////////////::::::::::::....................!!!!!!!!!!!,–ê—Ä–±–∏—Ç—Ä–∞–∂–Ω—ã–π —á–∞—Ç - DaddyAff,1385260727
3494,AVF_UKR,1854927853,-4.364604993634412e+18,AVF_UKR,–ê—Ä–±–∏—Ç—Ä–∞–∂–Ω—ã–π —á–∞—Ç - DaddyAff,1385260727
3495,uncle_Hoops,2142254458,7.756326722722364e+18,Hoops,–ê—Ä–±–∏—Ç—Ä–∞–∂–Ω—ã–π —á–∞—Ç - DaddyAff,1385260727
3496,UnknownGloryy,5041306452,9.189861339216856e+18,New Hero,–ê—Ä–±–∏—Ç—Ä–∞–∂–Ω—ã–π —á–∞—Ç - DaddyAff,1385260727
3497,toreden,5256565786,-6.535579733198587e+18,Puƒèh,–ê—Ä–±–∏—Ç—Ä–∞–∂–Ω—ã–π —á–∞—Ç - DaddyAff,1385260727
3498,holopenyo1,5372461952,-8.33900772155605e+16,Tru,–ê—Ä–±–∏—Ç—Ä–∞–∂–Ω—ã–π —á–∞—Ç - DaddyAff,1385260727
3499,teopolikz,5018211762,2.435565299959512e+18,–ê—Ä—Ç—ë–º,–ê—Ä–±–∏—Ç—Ä–∞–∂–Ω—ã–π —á–∞—Ç - DaddyAff,1385260727
3500,Bitcoin24Online,5739856263,-8.239156186972218e+17,TimKa 24/7,–ê—Ä–±–∏—Ç—Ä–∞–∂–Ω—ã–π —á–∞—Ç - DaddyAff,1385260727
3503,tryyyyde,5909278342,-7.833426175389532e+17,Caalaa Gadaa,–ê—Ä–±–∏—Ç—Ä–∞–∂–Ω—ã–π —á–∞—Ç - DaddyAff,1385260727
3504,TOM_EU,5830206716,8.086017621100863e+17,ùêìùêéùêå,–ê—Ä–±–∏—Ç—Ä–∞–∂–Ω—ã–π —á–∞—Ç - DaddyAff,1385260727
3505,telehan360,750919803,-5.905690450104944e+18,Lone,–ê—Ä–±–∏—Ç—Ä–∞–∂–Ω—ã–π —á–∞—Ç - DaddyAff,1385260727
3506,ToP_TradingV,2100481137,-6.26976993661096e+18,Trading start,–ê—Ä–±–∏—Ç—Ä–∞–∂–Ω—ã–π —á–∞—Ç - DaddyAff,1385260727
3507,traffberlinettav3,5609020212,2.4569475570616125e+18,traffberlenettaav3,–ê—Ä–±–∏—Ç—Ä–∞–∂–Ω—ã–π —á–∞—Ç - DaddyAff,1385260727
3508,trafficpulsee,5394885365,5.278776437958657e+18,–ê–Ω–¥—Ä–µ–π üëâ Bio üëâüí∞,–ê—Ä–±–∏—Ç—Ä–∞–∂–Ω—ã–π —á–∞—Ç - DaddyAff,1385260727
3510,Firetraf,1972892933,1.7290826822001183e+18,Fire Traf,–ê—Ä–±–∏—Ç—Ä–∞–∂–Ω—ã–π —á–∞—Ç - DaddyAff,1385260727
3511,onlytraff,5270773056,-3.123661670732804e+18,Trug Glor,–ê—Ä–±–∏—Ç—Ä–∞–∂–Ω—ã–π —á–∞—Ç - DaddyAff,1385260727
3512,TylerDuurrddeen,5961857267,-5.961423873661677e+18,Tyler Durden,–ê—Ä–±–∏—Ç—Ä–∞–∂–Ω—ã–π —á–∞—Ç - DaddyAff,1385260727
3513,TRAFFv232,5771241757,6.750223591446182e+18,traffberlinetaV2! –ü–∏—Å–∞—Ç—å: @TRAFF3,–ê—Ä–±–∏—Ç—Ä–∞–∂–Ω—ã–π —á–∞—Ç - DaddyAff,1385260727
3515,artem_temochka,1001175197,-7.440570741873266e+18,–ê—Ä—Ç—ë–º,–ê—Ä–±–∏—Ç—Ä–∞–∂–Ω—ã–π —á–∞—Ç - DaddyAff,1385260727
3516,Gan_ts,1083773166,7.254617637435517e+18,B S,–ê—Ä–±–∏—Ç—Ä–∞–∂–Ω—ã–π —á–∞—Ç - DaddyAff,1385260727
3517,dollarfree2u,5687860204,-3.2413310759390853e+18,Fast Trade,–ê—Ä–±–∏—Ç—Ä–∞–∂–Ω—ã–π —á–∞—Ç - DaddyAff,1385260727
3518,Trouble24k7,5111601831,-3.2341705486414945e+18,(Trouble)(24/7),–ê—Ä–±–∏—Ç—Ä–∞–∂–Ω—ã–π —á–∞—Ç - DaddyAff,1385260727
3519,BwahBwahBwah,5750463679,-3.399087925226378e+17,The Real Bwah Bwah,–ê—Ä–±–∏—Ç—Ä–∞–∂–Ω—ã–π —á–∞—Ç - DaddyAff,1385260727
3520,Tugghunnids,5818236048,-4.058042778663411e+18,hun,–ê—Ä–±–∏—Ç—Ä–∞–∂–Ω—ã–π —á–∞—Ç - DaddyAff,1385260727
3521,FBacctop,5154155207,-7.037219890788953e+18,FB Top,–ê—Ä–±–∏—Ç—Ä–∞–∂–Ω—ã–π —á–∞—Ç - DaddyAff,1385260727
3522,b0grus,5349861869,-7.596223840647071e+18,Bogdan TODA,–ê—Ä–±–∏—Ç—Ä–∞–∂–Ω—ã–π —á–∞—Ç - DaddyAff,1385260727
3523,requestofflogs,5277511527,5.611610822928833e+18,Trigger Gangü§ô,–ê—Ä–±–∏—Ç—Ä–∞–∂–Ω—ã–π —á–∞—Ç - DaddyAff,1385260727
3524,Danilka_tg,5983871070,-1.8675450725127928e+18,Danilka,–ê—Ä–±–∏—Ç—Ä–∞–∂–Ω—ã–π —á–∞—Ç - DaddyAff,1385260727
3525,this_is_traffic_source,5289082353,-6.025856602902955e+18,MagicBase Crypto,–ê—Ä–±–∏—Ç—Ä–∞–∂–Ω—ã–π —á–∞—Ç - DaddyAff,1385260727
3526,trelochkax,5617711238,8.822592925267824e+18,trelochka_reborn,–ê—Ä–±–∏—Ç—Ä–∞–∂–Ω—ã–π —á–∞—Ç - DaddyAff,1385260727
3527,Shon_TGI,5305965542,-5.333256861837185e+17,Shon TGI,–ê—Ä–±–∏—Ç—Ä–∞–∂–Ω—ã–π —á–∞—Ç - DaddyAff,1385260727
3528,onfleek_talent,5160545314,-7.671079582487262e+18,ON FLEEK –í–∑—Ä–æ—Å–ª—ã–π –º–∞—Ä–∫–µ—Ç–∏–Ω–≥,–ê—Ä–±–∏—Ç—Ä–∞–∂–Ω—ã–π —á–∞—Ç - DaddyAff,1385260727
3529,TaKeda228,5171015524,7.221634207166024e+18,Takeda,–ê—Ä–±–∏—Ç—Ä–∞–∂–Ω—ã–π —á–∞—Ç - DaddyAff,1385260727
3530,TraffForYou,2113240237,7.728025384008329e+18,–ö–∞—Ä–º–∞–í–ª–∞–¥–µ–ª–µ—Ü,–ê—Ä–±–∏—Ç—Ä–∞–∂–Ω—ã–π —á–∞—Ç - DaddyAff,1385260727
3531,k_a_t_a_0,5812604411,4.53714608951676e+17,Kataoüë∫,–ê—Ä–±–∏—Ç—Ä–∞–∂–Ω—ã–π —á–∞—Ç - DaddyAff,1385260727
3532,speak_gambling,5074500047,-7.343794182012354e+18,Gold Team | CPA,–ê—Ä–±–∏—Ç—Ä–∞–∂–Ω—ã–π —á–∞—Ç - DaddyAff,1385260727
3533,tohanakamoto,5795082961,3.744757091953554e+17,–ê–Ω—Ç–æ–Ω –ù–∞–∫–∞–º–æ—Ç–æ,–ê—Ä–±–∏—Ç—Ä–∞–∂–Ω—ã–π —á–∞—Ç - DaddyAff,1385260727
3534,top_acc_fb,5568776013,7.23639727232279e+18,–ê–Ω–¥—Ä–µ–π,–ê—Ä–±–∏—Ç—Ä–∞–∂–Ω—ã–π —á–∞—Ç - DaddyAff,1385260727
3535,mantaana_777,307039625,3.9459717912761047e+18,M A N T A N A,–ê—Ä–±–∏—Ç—Ä–∞–∂–Ω—ã–π —á–∞—Ç - DaddyAff,1385260727
3536,dobbi333,1298314958,-1.1056756653767988e+18,Trushoba,–ê—Ä–±–∏—Ç—Ä–∞–∂–Ω—ã–π —á–∞—Ç - DaddyAff,1385260727
3537,TG_INDITRAF,906339319,-3.277416406667572e+17,INDITRAF,–ê—Ä–±–∏—Ç—Ä–∞–∂–Ω—ã–π —á–∞—Ç - DaddyAff,1385260727
3538,Arina_Traff_HR,1955498185,-7.526972954914975e+18,Arina HR,–ê—Ä–±–∏—Ç—Ä–∞–∂–Ω—ã–π —á–∞—Ç - DaddyAff,1385260727
3539,temka_suport,5455579697,3.267392045169783e+18,ùêâùê®,–ê—Ä–±–∏—Ç—Ä–∞–∂–Ω—ã–π —á–∞—Ç - DaddyAff,1385260727
3540,Top_bnk,5217575997,-5.590138288018124e+18,–ê–ù–¢–ò–ë–ê–ù –¢–ò–ö –¢–û–ö –ê–ö–ö–ê–£–ù–¢–´ –ö–£–ü–ò–¢–¨,–ê—Ä–±–∏—Ç—Ä–∞–∂–Ω—ã–π —á–∞—Ç - DaddyAff,1385260727
3541,Group_Trust_Team22,5304312416,-8.023257535445254e+18,Andrew,–ê—Ä–±–∏—Ç—Ä–∞–∂–Ω—ã–π —á–∞—Ç - DaddyAff,1385260727
3542,broch_1982,5914740007,5.477886105368344e+18,Legion team,–ê—Ä–±–∏—Ç—Ä–∞–∂–Ω—ã–π —á–∞—Ç - DaddyAff,1385260727
3543,sigmar_traff,2107622022,-3.898666909474837e+18,–°–∏–≥–º–∞—Ä –ü–æ–±–µ–¥–æ–Ω–æ—Å–µ—Ü,–ê—Ä–±–∏—Ç—Ä–∞–∂–Ω—ã–π —á–∞—Ç - DaddyAff,1385260727
3544,auror0,5359029856,-5.633335085105764e+18,Aurora.TCz,–ê—Ä–±–∏—Ç—Ä–∞–∂–Ω—ã–π —á–∞—Ç - DaddyAff,1385260727
3545,antonio_traf,5885740116,5.311208223577491e+18,–ê–Ω—Ç–æ–Ω,–ê—Ä–±–∏—Ç—Ä–∞–∂–Ω—ã–π —á–∞—Ç - DaddyAff,1385260727
3546,tsollokin,1836305423,3.9364711208634127e+18,Tyki tuki,–ê—Ä–±–∏—Ç—Ä–∞–∂–Ω—ã–π —á–∞—Ç - DaddyAff,1385260727
3547,pavel_teamX,208448417,7.246524009333794e+18,Pavel,–ê—Ä–±–∏—Ç—Ä–∞–∂–Ω—ã–π —á–∞—Ç - DaddyAff,1385260727
3548,Stalker_RC,5685264921,-8.015967322173878e+18,Tony Stalker,–ê—Ä–±–∏—Ç—Ä–∞–∂–Ω—ã–π —á–∞—Ç - DaddyAff,1385260727
3549,tatianalugin,871725292,8.859073605525606e+18,Tatiana Lugin,–ê—Ä–±–∏—Ç—Ä–∞–∂–Ω—ã–π —á–∞—Ç - DaddyAff,1385260727
3550,toolkin,928113594,3.7902636089839913e+18,ùïªùñçùñäùñìùñîùñíùñäùñìùñÜùñë,–ê—Ä–±–∏—Ç—Ä–∞–∂–Ω—ã–π —á–∞—Ç - DaddyAff,1385260727
3551,monkey_team_shop,1900517795,-4.068946190189244e+18,Monkey Team –ê–∫–∫–∞—É–Ω—Ç—ã-FB,–ê—Ä–±–∏—Ç—Ä–∞–∂–Ω—ã–π —á–∞—Ç - DaddyAff,1385260727
3552,Teamcarding12,5485000627,-8.958207356663344e+18,–ê–ª–µ–∫—Å–∞–Ω–¥—Ä,–ê—Ä–±–∏—Ç—Ä–∞–∂–Ω—ã–π —á–∞—Ç - DaddyAff,1385260727
3553,rrich_trade,936773581,-1.8737618433407885e+18,–°–∞–Ω—å—á–∏–∫,–ê—Ä–±–∏—Ç—Ä–∞–∂–Ω—ã–π —á–∞—Ç - DaddyAff,1385260727
3554,romik_tut,1915720200,-6.013215403429153e+18,–†–æ–º–∞,–ê—Ä–±–∏—Ç—Ä–∞–∂–Ω—ã–π —á–∞—Ç - DaddyAff,1385260727
3555,traffic_2110,5858731318,-1.669393912972134e+18,Mariia Fedorchenko,–ê—Ä–±–∏—Ç—Ä–∞–∂–Ω—ã–π —á–∞—Ç - DaddyAff,1385260727
3556,China_traffic,725455125,-4.5851365819271424e+18,Jose,–ê—Ä–±–∏—Ç—Ä–∞–∂–Ω—ã–π —á–∞—Ç - DaddyAff,1385260727
3557,criminal_traffik,5801876402,-4.932578757750772e+18,ùïìùïùùïíùïîùïú ùïíùï£ùïìùïöùï•ùï£ùïíùï´ùïô,–ê—Ä–±–∏—Ç—Ä–∞–∂–Ω—ã–π —á–∞—Ç - DaddyAff,1385260727
3558,RabbitDevel,804476881,1.165511637468008e+18,Rabbits Team,–ê—Ä–±–∏—Ç—Ä–∞–∂–Ω—ã–π —á–∞—Ç - DaddyAff,1385260727
3559,Dok_Trade,5893648689,-3.771876810061524e+18,–û–ª–µ–≥ –¢–æ–∫–∞—Ä–µ–≤,–ê—Ä–±–∏—Ç—Ä–∞–∂–Ω—ã–π —á–∞—Ç - DaddyAff,1385260727
3560,Cryptobombr,5604286625,-2.508318825805128e+18,LIVE TRAFFIC CRYPTO/FOREX,–ê—Ä–±–∏—Ç—Ä–∞–∂–Ω—ã–π —á–∞—Ç - DaddyAff,1385260727
3561,Taya_Mana,5747422488,-8.366692595106652e+17,TayaüîÜ,–ê—Ä–±–∏—Ç—Ä–∞–∂–Ω—ã–π —á–∞—Ç - DaddyAff,1385260727
3562,Blacktraffers,5721495701,6.568010528723362e+18,Black Traffers,–ê—Ä–±–∏—Ç—Ä–∞–∂–Ω—ã–π —á–∞—Ç - DaddyAff,1385260727
3564,Treyert,538288170,7.160338186644618e+17,Ruslan,–ê—Ä–±–∏—Ç—Ä–∞–∂–Ω—ã–π —á–∞—Ç - DaddyAff,1385260727
3565,trgtez,609902858,5.865625237653817e+18,ez,–ê—Ä–±–∏—Ç—Ä–∞–∂–Ω—ã–π —á–∞—Ç - DaddyAff,1385260727
3566,AIoca,762566663,-6.132599429648348e+17,Leyla Tsem,–ê—Ä–±–∏—Ç—Ä–∞–∂–Ω—ã–π —á–∞—Ç - DaddyAff,1385260727
3567,tomyspp,5516850227,6.960953355077416e+18,Tommy¬ª Shelby,–ê—Ä–±–∏—Ç—Ä–∞–∂–Ω—ã–π —á–∞—Ç - DaddyAff,1385260727
3568,trastfbb,1967198007,1.398940704014356e+18,–ú–∞–∫—Å–∏–º –§–ë,–ê—Ä–±–∏—Ç—Ä–∞–∂–Ω—ã–π —á–∞—Ç - DaddyAff,1385260727
3569,tooolyacrypto,5405525186,1.577443469662004e+17,–¢–æ–ª—è Crypto/FX,–ê—Ä–±–∏—Ç—Ä–∞–∂–Ω—ã–π —á–∞—Ç - DaddyAff,1385260727
3570,traff_expert,5551162363,6.46866130369446e+18,Traffic Expert,–ê—Ä–±–∏—Ç—Ä–∞–∂–Ω—ã–π —á–∞—Ç - DaddyAff,1385260727
3571,Teona_71oan,5406194523,2.051631434322568e+18,–¢–µ–æ–Ω–∞ –©–µ—Ä–±–∞—Ç—ã—Ö–∞,–ê—Ä–±–∏—Ç—Ä–∞–∂–Ω—ã–π —á–∞—Ç - DaddyAff,1385260727
3573,t_raffic,5522631335,-4.935192446255417e+17,Arthur,–ê—Ä–±–∏—Ç—Ä–∞–∂–Ω—ã–π —á–∞—Ç - DaddyAff,1385260727
3574,cpadux,5572358354,3.447751708286856e+18,Tom Ford,–ê—Ä–±–∏—Ç—Ä–∞–∂–Ω—ã–π —á–∞—Ç - DaddyAff,1385260727
3575,fasttargets,5852937696,-8.041894878423842e+18,Fast Targets,–ê—Ä–±–∏—Ç—Ä–∞–∂–Ω—ã–π —á–∞—Ç - DaddyAff,1385260727
3576,tvoytraf,5709563333,-8.797044810886142e+18,–¢–≤–æ–π –¢—Ä–∞—Ñ–∏–∫,–ê—Ä–±–∏—Ç—Ä–∞–∂–Ω—ã–π —á–∞—Ç - DaddyAff,1385260727
3577,Tomato_fb,5703470020,8.093575157477162e+18,Tomato,–ê—Ä–±–∏—Ç—Ä–∞–∂–Ω—ã–π —á–∞—Ç - DaddyAff,1385260727
3578,johnteam,1904144060,7.299638742529016e+18,John Team –ü–æ–¥–¥–µ—Ä–∂–∫–∞,–ê—Ä–±–∏—Ç—Ä–∞–∂–Ω—ã–π —á–∞—Ç - DaddyAff,1385260727
3579,andy_traffic,5931531263,3.7087560047947305e+18,Andrey Traffic,–ê—Ä–±–∏—Ç—Ä–∞–∂–Ω—ã–π —á–∞—Ç - DaddyAff,1385260727
3580,talerchick,1062336466,7.052153505061612e+18,–î–∞—Ä–∏–Ω–∞‚ú®Ô∏è,–ê—Ä–±–∏—Ç—Ä–∞–∂–Ω—ã–π —á–∞—Ç - DaddyAff,1385260727
3581,tiktokadaccount,5943985463,8.210674067659517e+18,TikTok ADS account / –†–µ–∫–ª–∞–º–Ω—ã–µ –∞–∫–∫–∞—É–Ω—Ç—ã –¢–∏–∫ –¢–æ–∫ / –°–∞–º–æ—Ä–µ–≥–∏,–ê—Ä–±–∏—Ç—Ä–∞–∂–Ω—ã–π —á–∞—Ç - DaddyAff,1385260727
3582,DAS_A_T4aM,5637829386,-9.052537268332212e+18,Das-a-team (24/7)üíö,–ê—Ä–±–∏—Ç—Ä–∞–∂–Ω—ã–π —á–∞—Ç - DaddyAff,1385260727
3583,trafder_q,5255543644,-4.691984126463609e+18,Traders,–ê—Ä–±–∏—Ç—Ä–∞–∂–Ω—ã–π —á–∞—Ç - DaddyAff,1385260727
3585,tixonya_stule,1447451219,8.39669021769235e+18,–î–º–∏—Ç—Ä–∏–π,–ê—Ä–±–∏—Ç—Ä–∞–∂–Ω—ã–π —á–∞—Ç - DaddyAff,1385260727
3586,Diana_TraffBraza,5420590551,7.962627613296755e+18,Diana_TraffBraza,–ê—Ä–±–∏—Ç—Ä–∞–∂–Ω—ã–π —á–∞—Ç - DaddyAff,1385260727
3587,t4sale,1939400479,4.711526523503028e+18,PhoeniX,–ê—Ä–±–∏—Ç—Ä–∞–∂–Ω—ã–π —á–∞—Ç - DaddyAff,1385260727
3588,ADS_TRAFFICO,5336410035,5.293351534590429e+18,ADS.TRAFFIC,–ê—Ä–±–∏—Ç—Ä–∞–∂–Ω—ã–π —á–∞—Ç - DaddyAff,1385260727
3589,temps93,5517104331,3.180427486586206e+18,üí∏,–ê—Ä–±–∏—Ç—Ä–∞–∂–Ω—ã–π —á–∞—Ç - DaddyAff,1385260727
3590,tonyref,5618071807,6.269069264399093e+18,Tony Montana,–ê—Ä–±–∏—Ç—Ä–∞–∂–Ω—ã–π —á–∞—Ç - DaddyAff,1385260727
3591,dima_trafflead,5660851395,2.672860377553638e+18,Dmitry Gumenyuk,–ê—Ä–±–∏—Ç—Ä–∞–∂–Ω—ã–π —á–∞—Ç - DaddyAff,1385260727
3592,miracletaras,430234487,6.104945564462876e+18,Taras Kuchmenda,–ê—Ä–±–∏—Ç—Ä–∞–∂–Ω—ã–π —á–∞—Ç - DaddyAff,1385260727
3593,kseniyapr_ta,110436300,1.4495042002962225e+18,Kseniya,–ê—Ä–±–∏—Ç—Ä–∞–∂–Ω—ã–π —á–∞—Ç - DaddyAff,1385260727
3594,TrueWin_manager,5462758360,-8.754431217682762e+18,Alex,–ê—Ä–±–∏—Ç—Ä–∞–∂–Ω—ã–π —á–∞—Ç - DaddyAff,1385260727
3595,trafftop,5711881404,-2.3596005652039086e+18,Oskar,–ê—Ä–±–∏—Ç—Ä–∞–∂–Ω—ã–π —á–∞—Ç - DaddyAff,1385260727
3596,mr_traffer,5144162117,7.337328188822627e+18,Egor,–ê—Ä–±–∏—Ç—Ä–∞–∂–Ω—ã–π —á–∞—Ç - DaddyAff,1385260727
3597,cx777cx,5429728035,-2.566972137733995e+18,–î–∞–≤—ã–¥–æ–≤ Top GaranT Service,–ê—Ä–±–∏—Ç—Ä–∞–∂–Ω—ã–π —á–∞—Ç - DaddyAff,1385260727
3598,link727,5634984674,1.0294504689634028e+18,Telegram Prem,–ê—Ä–±–∏—Ç—Ä–∞–∂–Ω—ã–π —á–∞—Ç - DaddyAff,1385260727
3599,TutticTraff,5776809493,-2.4264805393628334e+18,TuttiFrutti Laima,–ê—Ä–±–∏—Ç—Ä–∞–∂–Ω—ã–π —á–∞—Ç - DaddyAff,1385260727
3600,TatiZybko,622656242,8.27330079784421e+18,TatiMilko,–ê—Ä–±–∏—Ç—Ä–∞–∂–Ω—ã–π —á–∞—Ç - DaddyAff,1385260727
3601,T3rxxx,5783260816,5.208981023766443e+18,Bm,–ê—Ä–±–∏—Ç—Ä–∞–∂–Ω—ã–π —á–∞—Ç - DaddyAff,1385260727
3602,Andrew_TraffCore,1992545267,-2.56279025511678e+18,Andrew Core,–ê—Ä–±–∏—Ç—Ä–∞–∂–Ω—ã–π —á–∞—Ç - DaddyAff,1385260727
3604,Toko285,512630806,1.7305575122058573e+18,Tornike,–ê—Ä–±–∏—Ç—Ä–∞–∂–Ω—ã–π —á–∞—Ç - DaddyAff,1385260727
3605,Train_of_Crypto,2104909243,-6.938663362203298e+18,Train of crypto,–ê—Ä–±–∏—Ç—Ä–∞–∂–Ω—ã–π —á–∞—Ç - DaddyAff,1385260727
3607,thetommylee,1279550601,2.7199728575753723e+18,Tommy Lee,–ê—Ä–±–∏—Ç—Ä–∞–∂–Ω—ã–π —á–∞—Ç - DaddyAff,1385260727
3608,Toktakkkk,2008111508,-6.368591498892946e+18,TokTak,–ê—Ä–±–∏—Ç—Ä–∞–∂–Ω—ã–π —á–∞—Ç - DaddyAff,1385260727
3609,the_lein,2072500753,-8.999748869910368e+18,Lein | –ö–†–ï–ê–¢–ò–í–´ üé∞,–ê—Ä–±–∏—Ç—Ä–∞–∂–Ω—ã–π —á–∞—Ç - DaddyAff,1385260727
3610,Tapkinkoly,5408287743,3.454079029709099e+18,–ê–Ω–¥—Ä–µ–π,–ê—Ä–±–∏—Ç—Ä–∞–∂–Ω—ã–π —á–∞—Ç - DaddyAff,1385260727
3611,tsokurenko,742050323,7.146254485792509e+18,Oleh üêä Tsokur,–ê—Ä–±–∏—Ç—Ä–∞–∂–Ω—ã–π —á–∞—Ç - DaddyAff,1385260727
3612,trafficzm,653667559,3.483104560247332e+18,ALIK | ET,–ê—Ä–±–∏—Ç—Ä–∞–∂–Ω—ã–π —á–∞—Ç - DaddyAff,1385260727
3613,trafonk3,5618871190,3.4144314657026944e+18,Kseniya Bazhenova,–ê—Ä–±–∏—Ç—Ä–∞–∂–Ω—ã–π —á–∞—Ç - DaddyAff,1385260727
3614,tanyafarm,1689764027,-8.939497700563234e+18,Farmüñá,–ê—Ä–±–∏—Ç—Ä–∞–∂–Ω—ã–π —á–∞—Ç - DaddyAff,1385260727
3615,traffic_lyom,1739891652,-1.168580514984322e+18,–õ—å–µ–º !,–ê—Ä–±–∏—Ç—Ä–∞–∂–Ω—ã–π —á–∞—Ç - DaddyAff,1385260727
3616,traderteam1,5465092751,-7.319844203817825e+17,–ê–ª–µ–Ω–∞,–ê—Ä–±–∏—Ç—Ä–∞–∂–Ω—ã–π —á–∞—Ç - DaddyAff,1385260727
3618,trinadcatgolov,5552303717,-1.864048009464422e+18,Guadalajara,–ê—Ä–±–∏—Ç—Ä–∞–∂–Ω—ã–π —á–∞—Ç - DaddyAff,1385260727
3619,ryder_TC,735453802,-1.819922567514e+18,–µ–≥–æ –±–æ–ª—å—à–µ –Ω–µ—Ç.,–ê—Ä–±–∏—Ç—Ä–∞–∂–Ω—ã–π —á–∞—Ç - DaddyAff,1385260727
3620,G_traffic_gg,5735175286,3.451942042986752e+18,G_traffic_gg,–ê—Ä–±–∏—Ç—Ä–∞–∂–Ω—ã–π —á–∞—Ç - DaddyAff,1385260727
3624,Aff_Trafagon,1685970073,-1.5183660076723633e+18,Denis,–ê—Ä–±–∏—Ç—Ä–∞–∂–Ω—ã–π —á–∞—Ç - DaddyAff,1385260727
3625,buz0va,1498964591,2.522937198152971e+17,TMT Sergey,–ê—Ä–±–∏—Ç—Ä–∞–∂–Ω—ã–π —á–∞—Ç - DaddyAff,1385260727
3626,Luxse_trade,5416840906,2.7640036700158275e+18,Luxse Trade,–ê—Ä–±–∏—Ç—Ä–∞–∂–Ω—ã–π —á–∞—Ç - DaddyAff,1385260727
3627,tollerptp,5234674219,6.070827318749854e+18,–ú–µ—Ä—á–∞–Ω—Ç—Å–∫–∏–π,–ê—Ä–±–∏—Ç—Ä–∞–∂–Ω—ã–π —á–∞—Ç - DaddyAff,1385260727
3628,tauraaaa,5694031684,-2.9589663356323296e+17,Taura,–ê—Ä–±–∏—Ç—Ä–∞–∂–Ω—ã–π —á–∞—Ç - DaddyAff,1385260727
3629,traidfram,5734534592,-8.380415763633615e+18,–ï–≤–≥–µ–Ω–∏–π –ì—Ä–∏—à–Ω–∏–Ω,–ê—Ä–±–∏—Ç—Ä–∞–∂–Ω—ã–π —á–∞—Ç - DaddyAff,1385260727
3630,tbaccounts,5379114864,-1.8137409771989645e+18,TB Accounts,–ê—Ä–±–∏—Ç—Ä–∞–∂–Ω—ã–π —á–∞—Ç - DaddyAff,1385260727
3631,tudasyudaaaa,5140659616,-5.541117740273013e+18,Spend or bill?,–ê—Ä–±–∏—Ç—Ä–∞–∂–Ω—ã–π —á–∞—Ç - DaddyAff,1385260727
3632,dementor_tg,2118229502,-4.363307745033576e+18,Dementor,–ê—Ä–±–∏—Ç—Ä–∞–∂–Ω—ã–π —á–∞—Ç - DaddyAff,1385260727
3633,traffic_bog,5035139611,-5.194877165646553e+18,affiliate marketing,–ê—Ä–±–∏—Ç—Ä–∞–∂–Ω—ã–π —á–∞—Ç - DaddyAff,1385260727
3634,FbTrustStore,5454048724,-8.116191043605612e+18,TRUST STORE,–ê—Ä–±–∏—Ç—Ä–∞–∂–Ω—ã–π —á–∞—Ç - DaddyAff,1385260727
3635,Tim0ha_br0,5419239752,-3.168883965309748e+18,–ê–ª–µ–∫—Å–∞–Ω–¥—Ä –ß–µ—Ñ–µ—Ä–∏–Ω,–ê—Ä–±–∏—Ç—Ä–∞–∂–Ω—ã–π —á–∞—Ç - DaddyAff,1385260727
3637,TT0000TT,5037971420,1.21195357753175e+18,–í,–ê—Ä–±–∏—Ç—Ä–∞–∂–Ω—ã–π —á–∞—Ç - DaddyAff,1385260727
3638,Tandziro_1,818896807,6.939527468135892e+18,Islam Islam,–ê—Ä–±–∏—Ç—Ä–∞–∂–Ω—ã–π —á–∞—Ç - DaddyAff,1385260727
3639,traffic_man11,1826550627,-8.938359738574634e+18,Freida Purdy,–ê—Ä–±–∏—Ç—Ä–∞–∂–Ω—ã–π —á–∞—Ç - DaddyAff,1385260727
3640,twinigor,912539684,-4.225640695773427e+18,Igor G.,–ê—Ä–±–∏—Ç—Ä–∞–∂–Ω—ã–π —á–∞—Ç - DaddyAff,1385260727
3641,TWB_kariptos,1851971313,7.366228065204866e+18,Gambling,–ê—Ä–±–∏—Ç—Ä–∞–∂–Ω—ã–π —á–∞—Ç - DaddyAff,1385260727
3642,topss777,1353111879,8.760453535022049e+18,Sam,–ê—Ä–±–∏—Ç—Ä–∞–∂–Ω—ã–π —á–∞—Ç - DaddyAff,1385260727
3644,Alex_theeee,5630083353,6.739191721304676e+18,Alex,–ê—Ä–±–∏—Ç—Ä–∞–∂–Ω—ã–π —á–∞—Ç - DaddyAff,1385260727
3645,Tom_Hagen_holydx,5314350720,-2.832955919355272e+18,Tom Hagen,–ê—Ä–±–∏—Ç—Ä–∞–∂–Ω—ã–π —á–∞—Ç - DaddyAff,1385260727
3646,tusidhd_7,5347801813,-2.2823437752121536e+18,Hasan,–ê—Ä–±–∏—Ç—Ä–∞–∂–Ω—ã–π —á–∞—Ç - DaddyAff,1385260727
3647,Traff1_Jull,5095814282,-3.877919523452565e+18,Alex1,–ê—Ä–±–∏—Ç—Ä–∞–∂–Ω—ã–π —á–∞—Ç - DaddyAff,1385260727
3648,trust_trade777,319885349,-9.03524890561472e+18,–ê—Ä—Ç—É—Ä –ò–≥–Ω–∞—Ç—å–µ–≤,–ê—Ä–±–∏—Ç—Ä–∞–∂–Ω—ã–π —á–∞—Ç - DaddyAff,1385260727
3649,dany_toddd,1009529264,4.91733946920208e+18,Dany Todd,–ê—Ä–±–∏—Ç—Ä–∞–∂–Ω—ã–π —á–∞—Ç - DaddyAff,1385260727
3650,maria_trafficbase,5305468718,-5.3093734632859686e+17,–ú–∞—Ä–∏—è,–ê—Ä–±–∏—Ç—Ä–∞–∂–Ω—ã–π —á–∞—Ç - DaddyAff,1385260727
3651,Trofim_73rmir,5400853718,7.714285932625619e+18,–¢—Ä–æ—Ñ–∏–º –ë–µ–ª—è–∫–æ–≤,–ê—Ä–±–∏—Ç—Ä–∞–∂–Ω—ã–π —á–∞—Ç - DaddyAff,1385260727
3652,tanya_trafficbase,5069594816,-2.962725414473588e+18,–¢–∞—Ç—å—è–Ω–∞,–ê—Ä–±–∏—Ç—Ä–∞–∂–Ω—ã–π —á–∞—Ç - DaddyAff,1385260727
3653,TraffaTraf,5194287125,5.10259798403259e+18,trafa,–ê—Ä–±–∏—Ç—Ä–∞–∂–Ω—ã–π —á–∞—Ç - DaddyAff,1385260727
3654,f3_team11,5315800856,8.366573008393981e+17,F3 Team,–ê—Ä–±–∏—Ç—Ä–∞–∂–Ω—ã–π —á–∞—Ç - DaddyAff,1385260727
3655,Topandroi,1745663593,2.03615947962402e+17,Johnson Levins,–ê—Ä–±–∏—Ç—Ä–∞–∂–Ω—ã–π —á–∞—Ç - DaddyAff,1385260727
3656,transusbe,2140371195,3.84663756246648e+18,Daddy Borrow,–ê—Ä–±–∏—Ç—Ä–∞–∂–Ω—ã–π —á–∞—Ç - DaddyAff,1385260727
3657,guratri,5526835345,7.508849944296848e+18,Gura Trri,–ê—Ä–±–∏—Ç—Ä–∞–∂–Ω—ã–π —á–∞—Ç - DaddyAff,1385260727
3658,act_t,1252835402,-1.603622098250373e+18,tech,–ê—Ä–±–∏—Ç—Ä–∞–∂–Ω—ã–π —á–∞—Ç - DaddyAff,1385260727
3659,abcDicked,859835103,7.447800925176013e+18,Two,–ê—Ä–±–∏—Ç—Ä–∞–∂–Ω—ã–π —á–∞—Ç - DaddyAff,1385260727
3660,fakebro1,1820539905,-3.9499328369568026e+18,Tony,–ê—Ä–±–∏—Ç—Ä–∞–∂–Ω—ã–π —á–∞—Ç - DaddyAff,1385260727
3661,fresco_tg,1930188657,3.843214213879555e+18,FRESCO,–ê—Ä–±–∏—Ç—Ä–∞–∂–Ω—ã–π —á–∞—Ç - DaddyAff,1385260727
3662,playwin96,127696505,-7.062138818344585e+18,Tarnavsky,–ê—Ä–±–∏—Ç—Ä–∞–∂–Ω—ã–π —á–∞—Ç - DaddyAff,1385260727
3663,bfvebyld,1496051380,3.4766813391317627e+18,Trible,–ê—Ä–±–∏—Ç—Ä–∞–∂–Ω—ã–π —á–∞—Ç - DaddyAff,1385260727
3664,tranagency,1275738015,2.954860080683924e+17,SERVICE FACEBOOOK ADS,–ê—Ä–±–∏—Ç—Ä–∞–∂–Ω—ã–π —á–∞—Ç - DaddyAff,1385260727
3665,mikhailteslenko,1023889775,-3.421746076536489e+18,Mikhail Teslenko,–ê—Ä–±–∏—Ç—Ä–∞–∂–Ω—ã–π —á–∞—Ç - DaddyAff,1385260727
3666,Lidhgh,1137000720,3.882307994798441e+18,L_i__Ber_ty Free,–ê—Ä–±–∏—Ç—Ä–∞–∂–Ω—ã–π —á–∞—Ç - DaddyAff,1385260727
3667,tanyaao99,379140169,-6.558942055031958e+18,Farm FB,–ê—Ä–±–∏—Ç—Ä–∞–∂–Ω—ã–π —á–∞—Ç - DaddyAff,1385260727
3668,ProTom1234,5544663658,8.649569756210247e+18,tom pro,–ê—Ä–±–∏—Ç—Ä–∞–∂–Ω—ã–π —á–∞—Ç - DaddyAff,1385260727
3669,Trigger_tayger,5338848547,-4.667507625240166e+18,·†å ·†å ·†å·†å ·†å ·†å ·†å ·†å ·†å·†å ·†å ·†å·†å ·†å ·†å ·†å ·†å ·†å·†å ·†å ·†å·†å ·†å ·†å ·†å ·†å,–ê—Ä–±–∏—Ç—Ä–∞–∂–Ω—ã–π —á–∞—Ç - DaddyAff,1385260727
3670,trafftenberg,992220473,4.554595844565305e+18,–¢—Ä–∞—Ñ—Ç–µ–Ω–±–µ—Ä–≥,–ê—Ä–±–∏—Ç—Ä–∞–∂–Ω—ã–π —á–∞—Ç - DaddyAff,1385260727
3671,farmerartem,1647443118,-5.684164391419284e+18,–ê—Ä—Ç–µ–º Trast Farm,–ê—Ä–±–∏—Ç—Ä–∞–∂–Ω—ã–π —á–∞—Ç - DaddyAff,1385260727
3672,prosto_marysia_tm,456207920,-2.8625262544520765e+18,–ú–∞—Ä–∏–Ω–∞,–ê—Ä–±–∏—Ç—Ä–∞–∂–Ω—ã–π —á–∞—Ç - DaddyAff,1385260727
3673,traffic_devils_hr,1133438971,-8.523559641428335e+18,Traffic Devils HR üòàüé∞üöÄ,–ê—Ä–±–∏—Ç—Ä–∞–∂–Ω—ã–π —á–∞—Ç - DaddyAff,1385260727
3674,Tuke_2017,5536645871,6.434923844624287e+18,–†–∞—Ñ–∞ –ë–∞—Ç–∫–∞–µ–≤–∞,–ê—Ä–±–∏—Ç—Ä–∞–∂–Ω—ã–π —á–∞—Ç - DaddyAff,1385260727
3675,TRAFF3,5322886970,-2.897228416742876e+18,traffberlineta,–ê—Ä–±–∏—Ç—Ä–∞–∂–Ω—ã–π —á–∞—Ç - DaddyAff,1385260727
3676,Liontiks4,5532126070,-1.988823178062092e+18,SIS ADMIN,–ê—Ä–±–∏—Ç—Ä–∞–∂–Ω—ã–π —á–∞—Ç - DaddyAff,1385260727
3677,LXLLW,5692972365,-4.1316521724670495e+18,Sense,–ê—Ä–±–∏—Ç—Ä–∞–∂–Ω—ã–π —á–∞—Ç - DaddyAff,1385260727
3678,subadmini,5650104289,3.341616071494858e+18,Bottes,–ê—Ä–±–∏—Ç—Ä–∞–∂–Ω—ã–π —á–∞—Ç - DaddyAff,1385260727
3679,sergiy7779,5976319533,3.217606880341486e+17,–°–µ—Ä–≥—ñ–π,–ê—Ä–±–∏—Ç—Ä–∞–∂–Ω—ã–π —á–∞—Ç - DaddyAff,1385260727
3680,ss_mot,295966681,-4.381264861206672e+17,L,–ê—Ä–±–∏—Ç—Ä–∞–∂–Ω—ã–π —á–∞—Ç - DaddyAff,1385260727
3681,LWXSN,5005710218,-4.1791850335932017e+18,Sense,–ê—Ä–±–∏—Ç—Ä–∞–∂–Ω—ã–π —á–∞—Ç - DaddyAff,1385260727
3682,CryptoStalcer,5445913995,-3.5879963850336906e+18,CRYPTO STALKER,–ê—Ä–±–∏—Ç—Ä–∞–∂–Ω—ã–π —á–∞—Ç - DaddyAff,1385260727
3683,game_sportpartners,5287195581,-8.064931461884013e+18,Alina GSB üöÄ,–ê—Ä–±–∏—Ç—Ä–∞–∂–Ω—ã–π —á–∞—Ç - DaddyAff,1385260727
3684,arbiseller,5909097313,1.0345534262081384e+18,Arbi Seller,–ê—Ä–±–∏—Ç—Ä–∞–∂–Ω—ã–π —á–∞—Ç - DaddyAff,1385260727
3685,sarokochi,5444583719,-3.7957268893768095e+18,Sinero,–ê—Ä–±–∏—Ç—Ä–∞–∂–Ω—ã–π —á–∞—Ç - DaddyAff,1385260727
3686,Sergi707,5776244264,-4.253314718024417e+18,–ü–µ—Ç—Ä,–ê—Ä–±–∏—Ç—Ä–∞–∂–Ω—ã–π —á–∞—Ç - DaddyAff,1385260727
3687,bigbossg0ogl,5906917938,-8.610782650135507e+18,–ë–æ–¥—è Seller,–ê—Ä–±–∏—Ç—Ä–∞–∂–Ω—ã–π —á–∞—Ç - DaddyAff,1385260727
3688,sim_cardiz,5261153544,2.2196949458752556e+18,Sim Sim üèÑ‚Äç‚ôÇÔ∏è,–ê—Ä–±–∏—Ç—Ä–∞–∂–Ω—ã–π —á–∞—Ç - DaddyAff,1385260727
3689,ShemkiArb,5903040141,-1.4476494766687117e+18,–ê–ª–µ–∫—Å–∞–Ω–¥—Ä,–ê—Ä–±–∏—Ç—Ä–∞–∂–Ω—ã–π —á–∞—Ç - DaddyAff,1385260727
3690,savannaacc_support,5838446924,5.383308255100216e+18,Savanna Accs Manager,–ê—Ä–±–∏—Ç—Ä–∞–∂–Ω—ã–π —á–∞—Ç - DaddyAff,1385260727
3691,logsfbplus,5878679060,6.309122758407774e+18,"SELL,Facebook",–ê—Ä–±–∏—Ç—Ä–∞–∂–Ω—ã–π —á–∞—Ç - DaddyAff,1385260727
3692,smmfanshise,5958322551,8.898053798874948e+18,SMM Franshise,–ê—Ä–±–∏—Ç—Ä–∞–∂–Ω—ã–π —á–∞—Ç - DaddyAff,1385260727
3693,Pisces3213,5867471771,6.958330406725906e+18,Sara,–ê—Ä–±–∏—Ç—Ä–∞–∂–Ω—ã–π —á–∞—Ç - DaddyAff,1385260727
3694,asdggashd,5893217244,-5.602607846887204e+18,SexyAds,–ê—Ä–±–∏—Ç—Ä–∞–∂–Ω—ã–π —á–∞—Ç - DaddyAff,1385260727
3695,Startsev_799,386487298,3.219608322365205e+18,–ö–∏—Ä–∏–ª–ª,–ê—Ä–±–∏—Ç—Ä–∞–∂–Ω—ã–π —á–∞—Ç - DaddyAff,1385260727
3696,stephencurry199,5626187462,-3.485602923604422e+18,Curryü•á,–ê—Ä–±–∏—Ç—Ä–∞–∂–Ω—ã–π —á–∞—Ç - DaddyAff,1385260727
3698,Goodnightwor,5924623718,-6.493152075795797e+18,Sergey,–ê—Ä–±–∏—Ç—Ä–∞–∂–Ω—ã–π —á–∞—Ç - DaddyAff,1385260727
3699,Hr_Arbita_Sonya,2118967861,-2.68055111277607e+18,Sofiia HR,–ê—Ä–±–∏—Ç—Ä–∞–∂–Ω—ã–π —á–∞—Ç - DaddyAff,1385260727
3700,sergeypetrov9111,5690629783,7.713539632804878e+18,Sherry,–ê—Ä–±–∏—Ç—Ä–∞–∂–Ω—ã–π —á–∞—Ç - DaddyAff,1385260727
3701,Melon_sellerr,1853589060,2.6791803622340337e+18,Melon,–ê—Ä–±–∏—Ç—Ä–∞–∂–Ω—ã–π —á–∞—Ç - DaddyAff,1385260727
3704,Senderbb,1675810085,1.0246851049891704e+18,–ü–æ–º–æ—â–Ω–∏–∫ –ö–µ–Ω—Ç–∞,–ê—Ä–±–∏—Ç—Ä–∞–∂–Ω—ã–π —á–∞—Ç - DaddyAff,1385260727
3706,edsokil1,777622458,5.3726851698663e+18,Ed Sokil,–ê—Ä–±–∏—Ç—Ä–∞–∂–Ω—ã–π —á–∞—Ç - DaddyAff,1385260727
3707,otez_hapka,5263190109,-3.9973914129251405e+17,Oper Starshiy,–ê—Ä–±–∏—Ç—Ä–∞–∂–Ω—ã–π —á–∞—Ç - DaddyAff,1385260727
3708,gosha_sender,5762390745,2.8948180636485084e+18,–ì–æ—à–∞ üÖ≥üÖ∑,–ê—Ä–±–∏—Ç—Ä–∞–∂–Ω—ã–π —á–∞—Ç - DaddyAff,1385260727
3709,Jeffrey_SOUR,448425058,-1.35755312495271e+18,SOUR Jeffrey,–ê—Ä–±–∏—Ç—Ä–∞–∂–Ω—ã–π —á–∞—Ç - DaddyAff,1385260727
3710,stupoort,5203849208,-2.051172085643294e+18,SuportüéÖüèΩ,–ê—Ä–±–∏—Ç—Ä–∞–∂–Ω—ã–π —á–∞—Ç - DaddyAff,1385260727
3711,LC_stan,5368568588,-9.587397575216463e+17,Stan - [@LEADS_CREATOR],–ê—Ä–±–∏—Ç—Ä–∞–∂–Ω—ã–π —á–∞—Ç - DaddyAff,1385260727
3712,hellnothellup,5066177033,-5.020329185197249e+18,SAMUAAA ADM [PRICE] üé≠,–ê—Ä–±–∏—Ç—Ä–∞–∂–Ω—ã–π —á–∞—Ç - DaddyAff,1385260727
3713,Swettbab420,5770054128,-6.828651992524436e+18,Alina Fast,–ê—Ä–±–∏—Ç—Ä–∞–∂–Ω—ã–π —á–∞—Ç - DaddyAff,1385260727
3714,Mrscpam,5626376518,-4.052517751275167e+18,MR.Spam,–ê—Ä–±–∏—Ç—Ä–∞–∂–Ω—ã–π —á–∞—Ç - DaddyAff,1385260727
3715,Google_ADS_SOL,1099919358,-6.179530189750365e+18,Sol Google ADS,–ê—Ä–±–∏—Ç—Ä–∞–∂–Ω—ã–π —á–∞—Ç - DaddyAff,1385260727
3717,Snom_nom,5268785424,-8.679364014253613e+18,–ê—Ä—Ç–µ–º,–ê—Ä–±–∏—Ç—Ä–∞–∂–Ω—ã–π —á–∞—Ç - DaddyAff,1385260727
3719,sansan12311,5419850539,-5.6296035191782016e+17,Sansan,–ê—Ä–±–∏—Ç—Ä–∞–∂–Ω—ã–π —á–∞—Ç - DaddyAff,1385260727
3720,SparcoADS,1655427285,6.572296569457444e+18,Sparco,–ê—Ä–±–∏—Ç—Ä–∞–∂–Ω—ã–π —á–∞—Ç - DaddyAff,1385260727
3721,sssdddoo,2052639831,7.227670922997706e+18,Alina,–ê—Ä–±–∏—Ç—Ä–∞–∂–Ω—ã–π —á–∞—Ç - DaddyAff,1385260727
3722,semahell,5661497426,4.530031532522563e+18,FEDO‚ÄôS,–ê—Ä–±–∏—Ç—Ä–∞–∂–Ω—ã–π —á–∞—Ç - DaddyAff,1385260727
3723,SnalSnali4,5341043418,2.3542430459810755e+18,–°–Ω–∞–ª –°–Ω–∞–ª—ã—á,–ê—Ä–±–∏—Ç—Ä–∞–∂–Ω—ã–π —á–∞—Ç - DaddyAff,1385260727
3725,SofiaHrD,5212514897,7.507972102235287e+18,M S,–ê—Ä–±–∏—Ç—Ä–∞–∂–Ω—ã–π —á–∞—Ç - DaddyAff,1385260727
3726,Herzlich1995,5974682250,3.504627772143418e+18,Sandra,–ê—Ä–±–∏—Ç—Ä–∞–∂–Ω—ã–π —á–∞—Ç - DaddyAff,1385260727
3728,svet_leg_mark,5369201267,5.097035611532079e+18,–°–≤–µ—Ç–ª–∞–Ω–∞ Legion Marketing,–ê—Ä–±–∏—Ç—Ä–∞–∂–Ω—ã–π —á–∞—Ç - DaddyAff,1385260727
3729,svetlana_izmailiva,5676799784,3.239819978628472e+17,–°–≤–µ—Ç–∏–∫,–ê—Ä–±–∏—Ç—Ä–∞–∂–Ω—ã–π —á–∞—Ç - DaddyAff,1385260727
3730,diana_stus,5846429504,-5.322486539809385e+18,Diana Stus,–ê—Ä–±–∏—Ç—Ä–∞–∂–Ω—ã–π —á–∞—Ç - DaddyAff,1385260727
3731,sasha_12215,5329374975,-6.932053764199536e+18,–°–∞—à–∞,–ê—Ä–±–∏—Ç—Ä–∞–∂–Ω—ã–π —á–∞—Ç - DaddyAff,1385260727
3732,sss6667855,5878638249,-7.549691351416163e+18,Artem,–ê—Ä–±–∏—Ç—Ä–∞–∂–Ω—ã–π —á–∞—Ç - DaddyAff,1385260727
3734,jackal_logs,5906228476,-6.722491656361381e+18,Jackal Shop,–ê—Ä–±–∏—Ç—Ä–∞–∂–Ω—ã–π —á–∞—Ç - DaddyAff,1385260727
3735,Nonam_e0,5429561446,-3.832936826244092e+18,Hdhdhxudh SCA,–ê—Ä–±–∏—Ç—Ä–∞–∂–Ω—ã–π —á–∞—Ç - DaddyAff,1385260727
3736,lyapsshop,5644140885,-6.75151599032348e+18,Lyaps Shop,–ê—Ä–±–∏—Ç—Ä–∞–∂–Ω—ã–π —á–∞—Ç - DaddyAff,1385260727
3737,Svet1887,790859739,4.842059075573937e+18,Svatlana Glagina,–ê—Ä–±–∏—Ç—Ä–∞–∂–Ω—ã–π —á–∞—Ç - DaddyAff,1385260727
3738,solevoi_gnom,1488650885,-2.989360784581498e+18,—Å–æ–ª–µ–≤–æ–π –≥–Ω–æ–º,–ê—Ä–±–∏—Ç—Ä–∞–∂–Ω—ã–π —á–∞—Ç - DaddyAff,1385260727
3740,seti_in,1196589958,1.0542936844456092e+16,–≠–¥–≤–∞—Ä–¥ –°–ø–µ–π—Å–∏,–ê—Ä–±–∏—Ç—Ä–∞–∂–Ω—ã–π —á–∞—Ç - DaddyAff,1385260727
3741,SonHenSu,1999104721,6.349664158867364e+18,–•—ë–Ω,–ê—Ä–±–∏—Ç—Ä–∞–∂–Ω—ã–π —á–∞—Ç - DaddyAff,1385260727
3742,svitla_kristina,5414842256,-8.241116813905352e+18,Svitla,–ê—Ä–±–∏—Ç—Ä–∞–∂–Ω—ã–π —á–∞—Ç - DaddyAff,1385260727
3743,MP_sale3,5413908326,-5.522944157033248e+18,SonicX,–ê—Ä–±–∏—Ç—Ä–∞–∂–Ω—ã–π —á–∞—Ç - DaddyAff,1385260727
3744,strakework,5359319383,-7.551648734944369e+17,ùì¢ùìΩùìªùì™ùì¥ùìÆ,–ê—Ä–±–∏—Ç—Ä–∞–∂–Ω—ã–π —á–∞—Ç - DaddyAff,1385260727
3745,denis_ninjabuy,5589973347,6.300851163322449e+18,Denis.Ninja‚Äôs,–ê—Ä–±–∏—Ç—Ä–∞–∂–Ω—ã–π —á–∞—Ç - DaddyAff,1385260727
3746,Sureniusx,5463030488,5.317995084602352e+17,–°—É—Ä–µ–Ω,–ê—Ä–±–∏—Ç—Ä–∞–∂–Ω—ã–π —á–∞—Ç - DaddyAff,1385260727
3747,masllllova,461076142,-2.501409616054335e+18,Sonya,–ê—Ä–±–∏—Ç—Ä–∞–∂–Ω—ã–π —á–∞—Ç - DaddyAff,1385260727
3748,proffessor_stavok,5283884797,-6.297505701955176e+18,–ü—Ä–æ—Ñ–µ—Å—Å–æ—Ä –ë–µ—Ç—Ç–∏–Ω–≥–∞,–ê—Ä–±–∏—Ç—Ä–∞–∂–Ω—ã–π —á–∞—Ç - DaddyAff,1385260727
3749,steamhelper1488,5977952654,-5.151541340880401e+18,.,–ê—Ä–±–∏—Ç—Ä–∞–∂–Ω—ã–π —á–∞—Ç - DaddyAff,1385260727
3750,Ghost668678,5642694725,-7.209291774096134e+18,Shelbyüí≥üí≥üíµ,–ê—Ä–±–∏—Ç—Ä–∞–∂–Ω—ã–π —á–∞—Ç - DaddyAff,1385260727
3751,solar_alex,93217343,7.234758418747767e+18,Alex S,–ê—Ä–±–∏—Ç—Ä–∞–∂–Ω—ã–π —á–∞—Ç - DaddyAff,1385260727
3752,Google_Seller_Ads,5534197526,4.975631333842156e+18,Seller Google,–ê—Ä–±–∏—Ç—Ä–∞–∂–Ω—ã–π —á–∞—Ç - DaddyAff,1385260727
3753,psychofarm_support3,5454327478,-5.795203571961753e+18,Psychofarm support3,–ê—Ä–±–∏—Ç—Ä–∞–∂–Ω—ã–π —á–∞—Ç - DaddyAff,1385260727
3754,korsak_media,2123009080,3.5635824885596047e+18,Sergiy MediaBuyer,–ê—Ä–±–∏—Ç—Ä–∞–∂–Ω—ã–π —á–∞—Ç - DaddyAff,1385260727
3755,Astudio771,5334386755,4.040223151273678e+18,A - Studio,–ê—Ä–±–∏—Ç—Ä–∞–∂–Ω—ã–π —á–∞—Ç - DaddyAff,1385260727
3756,s4g1sh1,5264679036,8.862684831899293e+16,Sagishi,–ê—Ä–±–∏—Ç—Ä–∞–∂–Ω—ã–π —á–∞—Ç - DaddyAff,1385260727
3757,logsseller4,5560728161,2.7656767545570514e+18,seller logs,–ê—Ä–±–∏—Ç—Ä–∞–∂–Ω—ã–π —á–∞—Ç - DaddyAff,1385260727
3758,doctorstranc,5790061668,-2.9599677778792694e+18,ùïïùï†ùïîùï•ùï†ùï£ ùï§ùï•ùï£ùïíùïüùïòùïñ,–ê—Ä–±–∏—Ç—Ä–∞–∂–Ω—ã–π —á–∞—Ç - DaddyAff,1385260727
3759,svol1,545431062,3.204615164929945e+17,–û–ª–µ–≥,–ê—Ä–±–∏—Ç—Ä–∞–∂–Ω—ã–π —á–∞—Ç - DaddyAff,1385260727
3760,smm_konst,5629230165,6.825382740438745e+18,Konst Gopalo,–ê—Ä–±–∏—Ç—Ä–∞–∂–Ω—ã–π —á–∞—Ç - DaddyAff,1385260727
3761,sainse_answer,1621357290,7.152927811996841e+18,Sasha,–ê—Ä–±–∏—Ç—Ä–∞–∂–Ω—ã–π —á–∞—Ç - DaddyAff,1385260727
3762,seller_artur,695296294,1.1327835954325932e+18,Arturik,–ê—Ä–±–∏—Ç—Ä–∞–∂–Ω—ã–π —á–∞—Ç - DaddyAff,1385260727
3763,lutuy001,678860413,8.334496343711507e+18,ùïäùïíùï§ùïôùïíÔ∏è Ô∏è,–ê—Ä–±–∏—Ç—Ä–∞–∂–Ω—ã–π —á–∞—Ç - DaddyAff,1385260727
3764,southpawpaw,301054510,7.74273855131987e+18,Pavel,–ê—Ä–±–∏—Ç—Ä–∞–∂–Ω—ã–π —á–∞—Ç - DaddyAff,1385260727
3765,Suport_googleads,1995740232,3.448519209675629e+18,Support ads,–ê—Ä–±–∏—Ç—Ä–∞–∂–Ω—ã–π —á–∞—Ç - DaddyAff,1385260727
3766,superbassbass,5844675389,4.3482010418008233e+18,Superbass,–ê—Ä–±–∏—Ç—Ä–∞–∂–Ω—ã–π —á–∞—Ç - DaddyAff,1385260727
3767,scmrs4nt,5556352940,-4.771870987829729e+18,–ê–ö–ú,–ê—Ä–±–∏—Ç—Ä–∞–∂–Ω—ã–π —á–∞—Ç - DaddyAff,1385260727
3768,Senior_dep,1735070565,2.739701310942741e+18,not_fable,–ê—Ä–±–∏—Ç—Ä–∞–∂–Ω—ã–π —á–∞—Ç - DaddyAff,1385260727
3769,blwoodsell,5692155283,-5.887983729461717e+18,Sebastian Pareyro,–ê—Ä–±–∏—Ç—Ä–∞–∂–Ω—ã–π —á–∞—Ç - DaddyAff,1385260727
3770,JackSparro0,5511638814,3.908222062615053e+18,Ôº™ÔΩÅÔΩÉÔΩã Ôº≥ÔΩêÔΩÅÔΩíÔΩíÔΩèÔΩó,–ê—Ä–±–∏—Ç—Ä–∞–∂–Ω—ã–π —á–∞—Ç - DaddyAff,1385260727
3771,ekaterina_io,5405078872,-7.401493849911017e+18,Ekaterina Shamanova,–ê—Ä–±–∏—Ç—Ä–∞–∂–Ω—ã–π —á–∞—Ç - DaddyAff,1385260727
3772,scatteredboxes2,5896883215,-4.629703746572785e+18,CardEU/RU | –†–∞–±–æ—Ç–∞—é,–ê—Ä–±–∏—Ç—Ä–∞–∂–Ω—ã–π —á–∞—Ç - DaddyAff,1385260727
3773,suqimuporo3,5415800314,3.6369728909843005e+18,akk-fb.shop,–ê—Ä–±–∏—Ç—Ä–∞–∂–Ω—ã–π —á–∞—Ç - DaddyAff,1385260727
3774,smetel,374298727,-8.064924969112147e+18,–°–≤–µ—Ç–∞,–ê—Ä–±–∏—Ç—Ä–∞–∂–Ω—ã–π —á–∞—Ç - DaddyAff,1385260727
3775,SasshaKK,475222649,1.2689591297777178e+18,Sasha,–ê—Ä–±–∏—Ç—Ä–∞–∂–Ω—ã–π —á–∞—Ç - DaddyAff,1385260727
3777,sabiina1997,5478183052,2.2764946255746097e+18,SABIINA\ 1997,–ê—Ä–±–∏—Ç—Ä–∞–∂–Ω—ã–π —á–∞—Ç - DaddyAff,1385260727
3778,Servisbitt,482428824,6.500455877617738e+18,–ú–∞–∫—Å–∏–º –ò–≥–æ—Ä–µ–≤–∏—á,–ê—Ä–±–∏—Ç—Ä–∞–∂–Ω—ã–π —á–∞—Ç - DaddyAff,1385260727
3779,s_sovgir,647407830,-3.360110133937972e+18,–°–∞–Ω—è,–ê—Ä–±–∏—Ç—Ä–∞–∂–Ω—ã–π —á–∞—Ç - DaddyAff,1385260727
3780,portonik,1681232934,-7.373416569715451e+18,Shirley Collins,–ê—Ä–±–∏—Ç—Ä–∞–∂–Ω—ã–π —á–∞—Ç - DaddyAff,1385260727
3781,seo_specialist5,1811285234,-4.3922870907538e+18,SEO –°–ø–µ—Ü–∏–∞–ª–∏—Å—Ç,–ê—Ä–±–∏—Ç—Ä–∞–∂–Ω—ã–π —á–∞—Ç - DaddyAff,1385260727
3782,CryptoSilaKitov,5706058454,-4.956141542851538e+18,Crypto Stalkery,–ê—Ä–±–∏—Ç—Ä–∞–∂–Ω—ã–π —á–∞—Ç - DaddyAff,1385260727
3783,Sportikkilla,947114462,7.286822906609252e+17,Sportik,–ê—Ä–±–∏—Ç—Ä–∞–∂–Ω—ã–π —á–∞—Ç - DaddyAff,1385260727
3784,sellYw1,5588591476,5.345891098277612e+18,–ö–æ–≥–¥–∞ –¥—É—à–∞ –ø—Ä–æ—Å–∏—Ç –ø—Ä–∞–∑–¥–Ω–∏–∫–∞‚Ä¶ ‚Ä¶–∫–æ—à–µ–ª–µ–∫ –ø—Ä–æ—Å–∏—Ç –ø–æ—â–∞–¥—ã!,–ê—Ä–±–∏—Ç—Ä–∞–∂–Ω—ã–π —á–∞—Ç - DaddyAff,1385260727
3785,Sanya_bez,5154084780,7.491324922324338e+18,üî•‚óè‚Ä¢[–í–ù–µ–ê–¥–ï–∫–í–∞–¢–µ]‚Ä¢‚óèüî•,–ê—Ä–±–∏—Ç—Ä–∞–∂–Ω—ã–π —á–∞—Ç - DaddyAff,1385260727
3787,Qqwwqqws,5266488505,-3.1966151305461417e+18,Secku,–ê—Ä–±–∏—Ç—Ä–∞–∂–Ω—ã–π —á–∞—Ç - DaddyAff,1385260727
3789,fbaccsup,5544712303,7.296494378864749e+18,FBACC_Sup,–ê—Ä–±–∏—Ç—Ä–∞–∂–Ω—ã–π —á–∞—Ç - DaddyAff,1385260727
3790,saneeek01,5407187876,-1.1447381622997978e+18,Sanek Frolov,–ê—Ä–±–∏—Ç—Ä–∞–∂–Ω—ã–π —á–∞—Ç - DaddyAff,1385260727
3791,daniil_sk,492311031,-1.4661327887179464e+18,DS,–ê—Ä–±–∏—Ç—Ä–∞–∂–Ω—ã–π —á–∞—Ç - DaddyAff,1385260727
3792,sba_77,684050491,4.700027534553372e+18,SBA,–ê—Ä–±–∏—Ç—Ä–∞–∂–Ω—ã–π —á–∞—Ç - DaddyAff,1385260727
3793,D_L_LOL,1616872859,9.207808710953776e+18,Silver Got,–ê—Ä–±–∏—Ç—Ä–∞–∂–Ω—ã–π —á–∞—Ç - DaddyAff,1385260727
